{"products":[{"id":"0.7782649965711386","qty":1}],"totalPrice":5.989999999999988}